X,CH1,CH2,
Second,Volt,Volt,
5.1514002e-05,4.00000e-01,8.00000e-02,
5.1515999e-05,4.40000e-01,8.00000e-02,
5.1518000e-05,4.80000e-01,0.00000e+00,
5.1520001e-05,5.20000e-01,8.00000e-02,
5.1522002e-05,5.60000e-01,8.00000e-02,
5.1523999e-05,6.00000e-01,8.00000e-02,
5.1526000e-05,6.00000e-01,0.00000e+00,
5.1528001e-05,6.40000e-01,0.00000e+00,
5.1530002e-05,6.60000e-01,8.00000e-02,
5.1531999e-05,6.80000e-01,8.00000e-02,
5.1534000e-05,6.80000e-01,8.00000e-02,
5.1536001e-05,6.80000e-01,8.00000e-02,
5.1538002e-05,7.00000e-01,0.00000e+00,
5.1539999e-05,7.20000e-01,8.00000e-02,
5.1542000e-05,7.00000e-01,8.00000e-02,
5.1544001e-05,6.80000e-01,8.00000e-02,
5.1546001e-05,6.40000e-01,8.00000e-02,
5.1547999e-05,6.60000e-01,0.00000e+00,
5.1550000e-05,6.40000e-01,8.00000e-02,
5.1552001e-05,6.20000e-01,8.00000e-02,
5.1554001e-05,5.40000e-01,8.00000e-02,
5.1555999e-05,4.80000e-01,8.00000e-02,
5.1558000e-05,4.80000e-01,0.00000e+00,
5.1560000e-05,4.40000e-01,8.00000e-02,
5.1562001e-05,3.80000e-01,8.00000e-02,
5.1563999e-05,3.40000e-01,8.00000e-02,
5.1565999e-05,2.80000e-01,8.00000e-02,
5.1568000e-05,2.60000e-01,0.00000e+00,
5.1570001e-05,2.00000e-01,1.60000e-01,
5.1571998e-05,1.40000e-01,8.00000e-02,
5.1573999e-05,8.00000e-02,8.00000e-02,
5.1576000e-05,0.00000e+00,0.00000e+00,
5.1578001e-05,-2.00000e-02,8.00000e-02,
5.1579998e-05,-8.00000e-02,1.60000e-01,
5.1581999e-05,-1.20000e-01,8.00000e-02,
5.1584000e-05,-2.00000e-01,8.00000e-02,
5.1586001e-05,-2.60000e-01,8.00000e-02,
5.1587998e-05,-3.00000e-01,0.00000e+00,
5.1589999e-05,-3.40000e-01,8.00000e-02,
5.1592000e-05,-3.80000e-01,8.00000e-02,
5.1594001e-05,-4.40000e-01,8.00000e-02,
5.1595998e-05,-4.80000e-01,8.00000e-02,
5.1597999e-05,-5.20000e-01,0.00000e+00,
5.1600000e-05,-5.20000e-01,8.00000e-02,
5.1602001e-05,-5.20000e-01,8.00000e-02,
5.1604002e-05,-6.00000e-01,8.00000e-02,
5.1605999e-05,-6.00000e-01,0.00000e+00,
5.1608000e-05,-6.20000e-01,0.00000e+00,
5.1610001e-05,-6.40000e-01,8.00000e-02,
5.1612002e-05,-6.40000e-01,8.00000e-02,
5.1613999e-05,-6.60000e-01,8.00000e-02,
5.1616000e-05,-6.60000e-01,0.00000e+00,
5.1618001e-05,-6.60000e-01,-8.00000e-02,
5.1620002e-05,-6.40000e-01,8.00000e-02,
5.1621999e-05,-6.40000e-01,8.00000e-02,
5.1624000e-05,-6.20000e-01,8.00000e-02,
5.1626001e-05,-5.80000e-01,8.00000e-02,
5.1628002e-05,-5.60000e-01,0.00000e+00,
5.1629999e-05,-5.20000e-01,0.00000e+00,
5.1632000e-05,-5.00000e-01,0.00000e+00,
5.1634001e-05,-4.80000e-01,8.00000e-02,
5.1636001e-05,-4.40000e-01,0.00000e+00,
5.1637999e-05,-3.80000e-01,0.00000e+00,
5.1640000e-05,-3.20000e-01,8.00000e-02,
5.1642000e-05,-2.80000e-01,0.00000e+00,
5.1644001e-05,-2.40000e-01,8.00000e-02,
5.1645999e-05,-1.80000e-01,0.00000e+00,
5.1647999e-05,-1.40000e-01,-8.00000e-02,
5.1650000e-05,-1.00000e-01,8.00000e-02,
5.1652001e-05,-4.00000e-02,0.00000e+00,
5.1653999e-05,2.00000e-02,8.00000e-02,
5.1655999e-05,8.00000e-02,0.00000e+00,
5.1658000e-05,1.20000e-01,0.00000e+00,
5.1660001e-05,1.60000e-01,8.00000e-02,
5.1661998e-05,2.40000e-01,0.00000e+00,
5.1663999e-05,3.00000e-01,8.00000e-02,
5.1666000e-05,3.40000e-01,0.00000e+00,
5.1668001e-05,4.00000e-01,0.00000e+00,
5.1669998e-05,4.00000e-01,8.00000e-02,
5.1671999e-05,4.80000e-01,8.00000e-02,
5.1674000e-05,5.20000e-01,8.00000e-02,
5.1676001e-05,5.40000e-01,0.00000e+00,
5.1677998e-05,5.60000e-01,0.00000e+00,
5.1679999e-05,6.00000e-01,8.00000e-02,
5.1682000e-05,6.40000e-01,8.00000e-02,
5.1684001e-05,6.40000e-01,8.00000e-02,
5.1686002e-05,6.40000e-01,0.00000e+00,
5.1687999e-05,6.80000e-01,0.00000e+00,
5.1690000e-05,6.80000e-01,8.00000e-02,
5.1692001e-05,7.00000e-01,8.00000e-02,
5.1694002e-05,7.00000e-01,8.00000e-02,
5.1695999e-05,6.60000e-01,8.00000e-02,
5.1698000e-05,6.60000e-01,0.00000e+00,
5.1700001e-05,6.60000e-01,8.00000e-02,
5.1702002e-05,6.40000e-01,8.00000e-02,
5.1703999e-05,6.20000e-01,8.00000e-02,
5.1706000e-05,5.80000e-01,8.00000e-02,
5.1708001e-05,5.40000e-01,0.00000e+00,
5.1710002e-05,4.80000e-01,1.60000e-01,
5.1711999e-05,4.80000e-01,8.00000e-02,
5.1714000e-05,4.20000e-01,8.00000e-02,
5.1716001e-05,3.80000e-01,8.00000e-02,
5.1718001e-05,3.40000e-01,8.00000e-02,
5.1719999e-05,2.80000e-01,8.00000e-02,
5.1722000e-05,2.40000e-01,8.00000e-02,
5.1724001e-05,2.20000e-01,8.00000e-02,
5.1726001e-05,1.40000e-01,8.00000e-02,
5.1727999e-05,8.00000e-02,0.00000e+00,
5.1730000e-05,2.00000e-02,8.00000e-02,
5.1732000e-05,-2.00000e-02,8.00000e-02,
5.1734001e-05,-6.00000e-02,8.00000e-02,
5.1735999e-05,-1.40000e-01,8.00000e-02,
5.1737999e-05,-1.80000e-01,0.00000e+00,
5.1740000e-05,-2.40000e-01,1.60000e-01,
5.1742001e-05,-2.80000e-01,8.00000e-02,
5.1743998e-05,-3.40000e-01,8.00000e-02,
5.1745999e-05,-3.80000e-01,8.00000e-02,
5.1748000e-05,-4.40000e-01,8.00000e-02,
5.1750001e-05,-4.80000e-01,8.00000e-02,
5.1751998e-05,-5.00000e-01,0.00000e+00,
5.1753999e-05,-5.40000e-01,8.00000e-02,
5.1756000e-05,-5.60000e-01,0.00000e+00,
5.1758001e-05,-5.80000e-01,0.00000e+00,
5.1759998e-05,-5.80000e-01,8.00000e-02,
5.1761999e-05,-6.20000e-01,8.00000e-02,
5.1764000e-05,-6.60000e-01,8.00000e-02,
5.1766001e-05,-6.60000e-01,0.00000e+00,
5.1767998e-05,-6.60000e-01,0.00000e+00,
5.1769999e-05,-6.40000e-01,8.00000e-02,
5.1772000e-05,-6.20000e-01,8.00000e-02,
5.1774001e-05,-6.40000e-01,8.00000e-02,
5.1776002e-05,-6.20000e-01,8.00000e-02,
5.1777999e-05,-6.20000e-01,8.00000e-02,
5.1780000e-05,-5.60000e-01,8.00000e-02,
5.1782001e-05,-5.60000e-01,8.00000e-02,
5.1784002e-05,-5.60000e-01,8.00000e-02,
5.1785999e-05,-5.00000e-01,0.00000e+00,
5.1788000e-05,-4.60000e-01,-8.00000e-02,
5.1790001e-05,-4.00000e-01,8.00000e-02,
5.1792002e-05,-3.60000e-01,8.00000e-02,
5.1793999e-05,-3.40000e-01,8.00000e-02,
5.1796000e-05,-2.80000e-01,0.00000e+00,
5.1798001e-05,-2.20000e-01,-8.00000e-02,
5.1800002e-05,-1.80000e-01,8.00000e-02,
5.1801999e-05,-1.40000e-01,8.00000e-02,
5.1804000e-05,-8.00000e-02,8.00000e-02,
5.1806001e-05,-6.00000e-02,0.00000e+00,
5.1808001e-05,0.00000e+00,-8.00000e-02,
5.1809999e-05,8.00000e-02,8.00000e-02,
5.1812000e-05,1.20000e-01,8.00000e-02,
5.1814000e-05,1.80000e-01,8.00000e-02,
5.1816001e-05,2.20000e-01,0.00000e+00,
5.1817999e-05,3.00000e-01,-8.00000e-02,
5.1819999e-05,3.20000e-01,8.00000e-02,
5.1822000e-05,3.60000e-01,0.00000e+00,
5.1824001e-05,4.20000e-01,8.00000e-02,
5.1825999e-05,4.40000e-01,8.00000e-02,
5.1827999e-05,5.20000e-01,0.00000e+00,
5.1830000e-05,5.20000e-01,0.00000e+00,
5.1832001e-05,5.60000e-01,8.00000e-02,
5.1833998e-05,5.80000e-01,8.00000e-02,
5.1835999e-05,6.00000e-01,8.00000e-02,
5.1838000e-05,6.40000e-01,0.00000e+00,
5.1840001e-05,6.40000e-01,8.00000e-02,
5.1841998e-05,6.60000e-01,8.00000e-02,
5.1843999e-05,6.60000e-01,8.00000e-02,
5.1846000e-05,6.60000e-01,8.00000e-02,
5.1848001e-05,6.60000e-01,8.00000e-02,
5.1849998e-05,6.60000e-01,8.00000e-02,
5.1851999e-05,6.60000e-01,8.00000e-02,
5.1854000e-05,6.40000e-01,8.00000e-02,
5.1856001e-05,6.20000e-01,8.00000e-02,
5.1858002e-05,6.00000e-01,8.00000e-02,
5.1859999e-05,5.60000e-01,1.60000e-01,
5.1862000e-05,5.40000e-01,8.00000e-02,
5.1864001e-05,5.00000e-01,8.00000e-02,
5.1866002e-05,4.40000e-01,8.00000e-02,
5.1867999e-05,4.40000e-01,8.00000e-02,
5.1870000e-05,3.80000e-01,8.00000e-02,
5.1872001e-05,3.40000e-01,8.00000e-02,
5.1874002e-05,3.00000e-01,8.00000e-02,
5.1875999e-05,2.40000e-01,8.00000e-02,
5.1878000e-05,2.00000e-01,8.00000e-02,
5.1880001e-05,1.40000e-01,8.00000e-02,
5.1882002e-05,8.00000e-02,8.00000e-02,
5.1883999e-05,6.00000e-02,8.00000e-02,
5.1886000e-05,-2.00000e-02,0.00000e+00,
5.1888001e-05,-6.00000e-02,-8.00000e-02,
5.1890001e-05,-1.00000e-01,1.60000e-01,
5.1891999e-05,-1.60000e-01,8.00000e-02,
5.1894000e-05,-2.40000e-01,8.00000e-02,
5.1896001e-05,-2.80000e-01,8.00000e-02,
5.1898001e-05,-3.20000e-01,0.00000e+00,
5.1899999e-05,-3.40000e-01,8.00000e-02,
5.1902000e-05,-4.00000e-01,8.00000e-02,
5.1904000e-05,-4.60000e-01,8.00000e-02,
5.1906001e-05,-4.80000e-01,0.00000e+00,
5.1907999e-05,-5.00000e-01,0.00000e+00,
5.1909999e-05,-5.20000e-01,8.00000e-02,
5.1912000e-05,-5.40000e-01,8.00000e-02,
5.1914001e-05,-5.80000e-01,8.00000e-02,
5.1915998e-05,-6.00000e-01,0.00000e+00,
5.1917999e-05,-6.20000e-01,0.00000e+00,
5.1920000e-05,-6.20000e-01,8.00000e-02,
5.1922001e-05,-6.20000e-01,0.00000e+00,
5.1923998e-05,-6.40000e-01,8.00000e-02,
5.1925999e-05,-6.20000e-01,0.00000e+00,
5.1928000e-05,-6.20000e-01,-8.00000e-02,
5.1930001e-05,-6.00000e-01,8.00000e-02,
5.1931998e-05,-5.60000e-01,8.00000e-02,
5.1933999e-05,-5.80000e-01,8.00000e-02,
5.1936000e-05,-5.40000e-01,8.00000e-02,
5.1938001e-05,-5.40000e-01,0.00000e+00,
5.1939998e-05,-5.00000e-01,8.00000e-02,
5.1941999e-05,-4.40000e-01,0.00000e+00,
5.1944000e-05,-4.00000e-01,8.00000e-02,
5.1946001e-05,-3.80000e-01,0.00000e+00,
5.1948002e-05,-3.40000e-01,0.00000e+00,
5.1949999e-05,-2.80000e-01,8.00000e-02,
5.1952000e-05,-2.40000e-01,8.00000e-02,
5.1954001e-05,-2.00000e-01,8.00000e-02,
5.1956002e-05,-1.40000e-01,8.00000e-02,
5.1957999e-05,-1.00000e-01,2.40000e-01,
5.1960000e-05,-4.00000e-02,5.60000e-01,
5.1962001e-05,2.00000e-02,1.04000e+00,
5.1964002e-05,8.00000e-02,1.44000e+00,
5.1965999e-05,4.00000e-02,1.84000e+00,
5.1968000e-05,-2.00000e-02,2.24000e+00,
5.1970001e-05,-8.00000e-02,2.72000e+00,
5.1972002e-05,-8.00000e-02,3.12000e+00,
5.1973999e-05,-4.00000e-02,3.44000e+00,
5.1976000e-05,-2.00000e-02,3.68000e+00,
5.1978001e-05,6.00000e-02,3.92000e+00,
5.1980001e-05,1.40000e-01,4.24000e+00,
5.1981999e-05,2.20000e-01,4.48000e+00,
5.1984000e-05,3.00000e-01,4.56000e+00,
5.1986000e-05,3.60000e-01,4.72000e+00,
5.1988001e-05,4.40000e-01,4.88000e+00,
5.1989999e-05,5.20000e-01,4.96000e+00,
5.1991999e-05,6.00000e-01,5.12000e+00,
5.1994000e-05,6.60000e-01,5.12000e+00,
5.1996001e-05,7.00000e-01,5.04000e+00,
5.1997999e-05,7.60000e-01,5.04000e+00,
5.1999999e-05,8.00000e-01,5.04000e+00,
5.2002000e-05,8.00000e-01,5.04000e+00,
5.2004001e-05,8.00000e-01,5.12000e+00,
5.2005998e-05,7.60000e-01,4.96000e+00,
5.2007999e-05,7.60000e-01,4.96000e+00,
5.2010000e-05,7.40000e-01,4.88000e+00,
5.2012001e-05,7.00000e-01,4.96000e+00,
5.2013998e-05,6.40000e-01,4.96000e+00,
5.2015999e-05,5.80000e-01,4.88000e+00,
5.2018000e-05,5.40000e-01,4.88000e+00,
5.2020001e-05,5.20000e-01,4.88000e+00,
5.2021998e-05,4.80000e-01,4.88000e+00,
5.2023999e-05,4.20000e-01,4.88000e+00,
5.2026000e-05,3.40000e-01,4.80000e+00,
5.2028001e-05,3.20000e-01,4.88000e+00,
5.2029998e-05,2.40000e-01,4.80000e+00,
5.2031999e-05,8.00000e-02,4.96000e+00,
5.2034000e-05,-6.00000e-02,4.96000e+00,
5.2036001e-05,-2.00000e-01,4.80000e+00,
5.2038002e-05,-2.80000e-01,4.88000e+00,
5.2039999e-05,-2.80000e-01,4.88000e+00,
5.2042000e-05,-3.00000e-01,4.96000e+00,
5.2044001e-05,-3.00000e-01,5.04000e+00,
5.2046002e-05,-2.20000e-01,4.88000e+00,
5.2047999e-05,-2.00000e-01,4.72000e+00,
5.2050000e-05,-1.60000e-01,4.80000e+00,
5.2052001e-05,-2.00000e-01,4.80000e+00,
5.2054002e-05,-3.00000e-01,4.80000e+00,
5.2055999e-05,-3.60000e-01,4.72000e+00,
5.2058000e-05,-4.20000e-01,4.72000e+00,
5.2060001e-05,-4.60000e-01,4.72000e+00,
5.2062001e-05,-5.00000e-01,4.88000e+00,
5.2063999e-05,-5.40000e-01,4.88000e+00,
5.2066000e-05,-5.40000e-01,4.88000e+00,
5.2068001e-05,-5.20000e-01,4.88000e+00,
5.2070001e-05,-5.20000e-01,4.80000e+00,
5.2071999e-05,-5.40000e-01,4.96000e+00,
5.2074000e-05,-6.00000e-01,4.88000e+00,
5.2076000e-05,-6.00000e-01,4.80000e+00,
5.2078001e-05,-6.00000e-01,4.72000e+00,
5.2079999e-05,-5.80000e-01,4.64000e+00,
5.2081999e-05,-5.80000e-01,4.80000e+00,
5.2084000e-05,-6.20000e-01,4.80000e+00,
5.2086001e-05,-5.60000e-01,4.80000e+00,
5.2087998e-05,-5.20000e-01,4.80000e+00,
5.2089999e-05,-4.80000e-01,4.80000e+00,
5.2092000e-05,-4.60000e-01,4.88000e+00,
5.2094001e-05,-4.80000e-01,4.88000e+00,
5.2095998e-05,-4.40000e-01,4.80000e+00,
5.2097999e-05,-4.20000e-01,4.88000e+00,
5.2100000e-05,-3.60000e-01,4.80000e+00,
5.2102001e-05,-3.40000e-01,4.88000e+00,
5.2103998e-05,-3.40000e-01,4.88000e+00,
5.2105999e-05,-2.80000e-01,4.80000e+00,
5.2108000e-05,-2.20000e-01,4.72000e+00,
5.2110001e-05,-1.60000e-01,4.80000e+00,
5.2111998e-05,-8.00000e-02,4.88000e+00,
5.2113999e-05,-2.00000e-02,4.88000e+00,
5.2116000e-05,2.00000e-02,4.88000e+00,
5.2118001e-05,8.00000e-02,4.80000e+00,
5.2120002e-05,1.20000e-01,4.80000e+00,
5.2121999e-05,1.60000e-01,4.88000e+00,
5.2124000e-05,2.20000e-01,4.88000e+00,
5.2126001e-05,2.40000e-01,4.80000e+00,
5.2128002e-05,2.80000e-01,4.80000e+00,
5.2129999e-05,3.20000e-01,4.80000e+00,
5.2132000e-05,3.60000e-01,4.88000e+00,
5.2134001e-05,4.20000e-01,4.88000e+00,
5.2136002e-05,4.40000e-01,4.80000e+00,
5.2137999e-05,4.80000e-01,4.72000e+00,
5.2140000e-05,5.20000e-01,4.80000e+00,
5.2142001e-05,5.60000e-01,4.88000e+00,
5.2144002e-05,6.00000e-01,4.88000e+00,
5.2145999e-05,6.00000e-01,4.80000e+00,
5.2148000e-05,6.20000e-01,4.80000e+00,
5.2150001e-05,6.00000e-01,4.80000e+00,
5.2152001e-05,6.40000e-01,4.96000e+00,
5.2153999e-05,6.40000e-01,4.88000e+00,
5.2156000e-05,6.20000e-01,4.80000e+00,
5.2158000e-05,6.00000e-01,4.80000e+00,
5.2160001e-05,5.80000e-01,4.80000e+00,
5.2161999e-05,6.00000e-01,4.88000e+00,
5.2163999e-05,5.80000e-01,4.88000e+00,
5.2166000e-05,5.60000e-01,4.80000e+00,
5.2168001e-05,5.60000e-01,4.80000e+00,
5.2169999e-05,5.00000e-01,4.80000e+00,
5.2171999e-05,5.00000e-01,4.96000e+00,
5.2174000e-05,4.60000e-01,4.88000e+00,
5.2176001e-05,4.40000e-01,4.88000e+00,
5.2177998e-05,4.00000e-01,4.80000e+00,
5.2179999e-05,3.20000e-01,4.80000e+00,
5.2182000e-05,3.00000e-01,4.88000e+00,
5.2184001e-05,2.60000e-01,4.88000e+00,
5.2185998e-05,2.00000e-01,4.80000e+00,
5.2187999e-05,1.40000e-01,4.80000e+00,
5.2190000e-05,8.00000e-02,4.88000e+00,
5.2192001e-05,4.00000e-02,4.88000e+00,
5.2193998e-05,0.00000e+00,4.88000e+00,
5.2195999e-05,-6.00000e-02,4.80000e+00,
5.2198000e-05,-1.40000e-01,4.80000e+00,
5.2200001e-05,-1.40000e-01,4.88000e+00,
5.2201998e-05,-1.60000e-01,4.88000e+00,
5.2203999e-05,-2.40000e-01,4.88000e+00,
5.2206000e-05,-2.80000e-01,4.80000e+00,
5.2208001e-05,-3.40000e-01,4.80000e+00,
5.2210002e-05,-3.40000e-01,4.72000e+00,
5.2211999e-05,-3.80000e-01,4.88000e+00,
5.2214000e-05,-4.40000e-01,4.88000e+00,
5.2216001e-05,-5.00000e-01,4.80000e+00,
5.2218002e-05,-5.20000e-01,4.80000e+00,
5.2219999e-05,-5.20000e-01,4.80000e+00,
5.2222000e-05,-5.20000e-01,4.88000e+00,
5.2224001e-05,-5.80000e-01,4.88000e+00,
5.2226002e-05,-6.00000e-01,4.80000e+00,
5.2227999e-05,-6.20000e-01,4.80000e+00,
5.2230000e-05,-5.80000e-01,4.80000e+00,
5.2232001e-05,-5.80000e-01,4.88000e+00,
5.2234001e-05,-6.00000e-01,4.80000e+00,
5.2235999e-05,-5.80000e-01,4.80000e+00,
5.2238000e-05,-5.80000e-01,4.72000e+00,
5.2240001e-05,-5.60000e-01,4.80000e+00,
5.2242001e-05,-5.20000e-01,4.88000e+00,
5.2243999e-05,-5.20000e-01,4.88000e+00,
5.2246000e-05,-5.00000e-01,4.80000e+00,
5.2248000e-05,-4.80000e-01,4.72000e+00,
5.2250001e-05,-4.40000e-01,4.80000e+00,
5.2251999e-05,-4.00000e-01,4.88000e+00,
5.2253999e-05,-3.80000e-01,4.88000e+00,
5.2256000e-05,-3.40000e-01,4.80000e+00,
5.2258001e-05,-3.00000e-01,4.80000e+00,
5.2259998e-05,-2.40000e-01,4.80000e+00,
5.2261999e-05,-1.80000e-01,4.88000e+00,
5.2264000e-05,-1.40000e-01,4.88000e+00,
5.2266001e-05,-1.20000e-01,4.80000e+00,
5.2267998e-05,-8.00000e-02,4.72000e+00,
5.2269999e-05,-2.00000e-02,4.80000e+00,
5.2272000e-05,4.00000e-02,4.88000e+00,
5.2274001e-05,8.00000e-02,4.88000e+00,
5.2275998e-05,1.20000e-01,4.80000e+00,
5.2277999e-05,1.80000e-01,4.80000e+00,
5.2280000e-05,2.20000e-01,4.80000e+00,
5.2282001e-05,2.60000e-01,4.88000e+00,
5.2283998e-05,3.20000e-01,4.88000e+00,
5.2285999e-05,3.40000e-01,4.80000e+00,
5.2288000e-05,4.00000e-01,4.80000e+00,
5.2290001e-05,4.20000e-01,4.80000e+00,
5.2292002e-05,4.60000e-01,4.88000e+00,
5.2293999e-05,4.80000e-01,4.88000e+00,
5.2296000e-05,5.00000e-01,4.80000e+00,
5.2298001e-05,5.20000e-01,4.80000e+00,
5.2300002e-05,5.60000e-01,4.80000e+00,
5.2301999e-05,5.80000e-01,4.88000e+00,
5.2304000e-05,5.80000e-01,4.88000e+00,
5.2306001e-05,5.80000e-01,4.80000e+00,
5.2308002e-05,6.00000e-01,4.72000e+00,
5.2309999e-05,6.00000e-01,4.80000e+00,
5.2312000e-05,6.20000e-01,4.88000e+00,
5.2314001e-05,6.00000e-01,4.88000e+00,
5.2316002e-05,5.80000e-01,4.88000e+00,
5.2317999e-05,5.80000e-01,4.88000e+00,
5.2320000e-05,5.60000e-01,4.88000e+00,
5.2322001e-05,5.60000e-01,4.88000e+00,
5.2324001e-05,5.00000e-01,4.88000e+00,
5.2325999e-05,4.80000e-01,4.80000e+00,
5.2328000e-05,4.80000e-01,4.80000e+00,
5.2330000e-05,4.40000e-01,4.88000e+00,
5.2332001e-05,3.80000e-01,4.96000e+00,
5.2333999e-05,3.40000e-01,4.88000e+00,
5.2335999e-05,3.00000e-01,4.80000e+00,
5.2338000e-05,2.80000e-01,4.80000e+00,
5.2340001e-05,2.40000e-01,4.80000e+00,
5.2341999e-05,1.60000e-01,4.88000e+00,
5.2343999e-05,1.20000e-01,4.88000e+00,
5.2346000e-05,8.00000e-02,4.80000e+00,
5.2348001e-05,6.00000e-02,4.88000e+00,
5.2349998e-05,0.00000e+00,4.88000e+00,
5.2351999e-05,-8.00000e-02,4.96000e+00,
5.2354000e-05,-1.00000e-01,4.88000e+00,
5.2356001e-05,-1.60000e-01,4.80000e+00,
5.2357998e-05,-2.20000e-01,4.80000e+00,
5.2359999e-05,-2.40000e-01,4.80000e+00,
5.2362000e-05,-2.80000e-01,4.88000e+00,
5.2364001e-05,-3.40000e-01,4.88000e+00,
5.2365998e-05,-3.60000e-01,4.80000e+00,
5.2367999e-05,-3.80000e-01,4.72000e+00,
5.2370000e-05,-4.20000e-01,4.88000e+00,
5.2372001e-05,-4.60000e-01,4.96000e+00,
5.2373998e-05,-4.80000e-01,4.88000e+00,
5.2375999e-05,-4.80000e-01,4.80000e+00,
5.2378000e-05,-5.20000e-01,4.80000e+00,
5.2380001e-05,-5.40000e-01,4.80000e+00,
5.2382002e-05,-5.60000e-01,4.88000e+00,
5.2383999e-05,-5.80000e-01,4.88000e+00,
5.2386000e-05,-5.60000e-01,4.80000e+00,
5.2388001e-05,-5.60000e-01,4.72000e+00,
5.2390002e-05,-5.60000e-01,4.80000e+00,
5.2391999e-05,-5.60000e-01,4.88000e+00,
5.2394000e-05,-5.40000e-01,4.80000e+00,
5.2396001e-05,-5.20000e-01,4.80000e+00,
5.2398002e-05,-5.00000e-01,4.72000e+00,
5.2399999e-05,-4.80000e-01,4.72000e+00,
5.2402000e-05,-4.60000e-01,4.88000e+00,
5.2404001e-05,-4.40000e-01,4.88000e+00,
5.2406001e-05,-4.00000e-01,4.80000e+00,
5.2407999e-05,-3.80000e-01,4.72000e+00,
5.2410000e-05,-3.40000e-01,4.80000e+00,
5.2412001e-05,-3.00000e-01,4.88000e+00,
5.2414001e-05,-2.80000e-01,4.80000e+00,
5.2415999e-05,-2.20000e-01,4.80000e+00,
5.2418000e-05,-1.80000e-01,4.72000e+00,
5.2420000e-05,-1.40000e-01,4.72000e+00,
5.2422001e-05,-1.00000e-01,4.80000e+00,
5.2423999e-05,-4.00000e-02,4.88000e+00,
5.2425999e-05,-2.00000e-02,4.80000e+00,
5.2428000e-05,4.00000e-02,4.80000e+00,
5.2430001e-05,8.00000e-02,4.80000e+00,
5.2431998e-05,1.40000e-01,4.88000e+00,
5.2433999e-05,1.80000e-01,4.88000e+00,
5.2436000e-05,2.20000e-01,4.80000e+00,
5.2438001e-05,2.60000e-01,4.72000e+00,
5.2439998e-05,2.80000e-01,4.80000e+00,
5.2441999e-05,3.40000e-01,4.88000e+00,
5.2444000e-05,3.80000e-01,4.88000e+00,
5.2446001e-05,3.80000e-01,4.80000e+00,
5.2447998e-05,4.40000e-01,4.80000e+00,
5.2449999e-05,4.60000e-01,4.80000e+00,
5.2452000e-05,5.20000e-01,4.88000e+00,
5.2454001e-05,5.40000e-01,4.88000e+00,
5.2455998e-05,5.20000e-01,4.80000e+00,
5.2457999e-05,5.40000e-01,4.72000e+00,
5.2460000e-05,5.60000e-01,4.80000e+00,
5.2462001e-05,5.80000e-01,4.80000e+00,
5.2464002e-05,5.80000e-01,4.88000e+00,
5.2465999e-05,5.60000e-01,4.80000e+00,
5.2468000e-05,5.60000e-01,4.72000e+00,
5.2470001e-05,5.60000e-01,4.80000e+00,
5.2472002e-05,5.60000e-01,4.88000e+00,
5.2473999e-05,5.60000e-01,4.88000e+00,
5.2476000e-05,5.00000e-01,4.80000e+00,
5.2478001e-05,5.00000e-01,4.72000e+00,
5.2480002e-05,4.60000e-01,4.80000e+00,
5.2481999e-05,4.60000e-01,4.88000e+00,
5.2484000e-05,4.20000e-01,4.88000e+00,
5.2486001e-05,3.60000e-01,4.80000e+00,
5.2488002e-05,3.40000e-01,4.80000e+00,
5.2489999e-05,3.00000e-01,4.88000e+00,
5.2492000e-05,2.80000e-01,4.96000e+00,
5.2494001e-05,2.40000e-01,4.88000e+00,
5.2496001e-05,1.80000e-01,4.80000e+00,
5.2497999e-05,1.40000e-01,4.80000e+00,
5.2500000e-05,1.20000e-01,4.80000e+00,
5.2502000e-05,6.00000e-02,4.88000e+00,
5.2504001e-05,2.00000e-02,4.88000e+00,
5.2505999e-05,-4.00000e-02,4.80000e+00,
5.2507999e-05,-8.00000e-02,4.80000e+00,
5.2510000e-05,-1.20000e-01,4.80000e+00,
5.2512001e-05,-1.40000e-01,4.88000e+00,
5.2513999e-05,-2.20000e-01,4.88000e+00,
5.2515999e-05,-2.60000e-01,4.80000e+00,
5.2518000e-05,-2.80000e-01,4.72000e+00,
5.2520001e-05,-3.00000e-01,4.72000e+00,
5.2521998e-05,-3.40000e-01,4.88000e+00,
5.2523999e-05,-4.00000e-01,4.88000e+00,
5.2526000e-05,-4.20000e-01,4.80000e+00,
5.2528001e-05,-4.40000e-01,4.72000e+00,
5.2529998e-05,-4.40000e-01,4.80000e+00,
5.2531999e-05,-4.60000e-01,4.88000e+00,
5.2534000e-05,-5.20000e-01,4.88000e+00,
5.2536001e-05,-5.20000e-01,4.80000e+00,
5.2537998e-05,-5.20000e-01,4.80000e+00,
5.2539999e-05,-5.20000e-01,4.72000e+00,
5.2542000e-05,-5.20000e-01,4.80000e+00,
5.2544001e-05,-5.60000e-01,4.88000e+00,
5.2545998e-05,-5.40000e-01,4.80000e+00,
5.2547999e-05,-5.20000e-01,4.80000e+00,
5.2550000e-05,-4.80000e-01,4.80000e+00,
5.2552001e-05,-4.80000e-01,4.88000e+00,
5.2554002e-05,-4.80000e-01,4.88000e+00,
5.2555999e-05,-4.60000e-01,4.80000e+00,
5.2558000e-05,-4.60000e-01,4.80000e+00,
5.2560001e-05,-4.00000e-01,4.80000e+00,
5.2562002e-05,-3.60000e-01,4.88000e+00,
5.2563999e-05,-3.40000e-01,4.80000e+00,
5.2566000e-05,-3.00000e-01,4.80000e+00,
5.2568001e-05,-2.60000e-01,4.72000e+00,
5.2570002e-05,-2.20000e-01,4.80000e+00,
5.2571999e-05,-2.00000e-01,4.88000e+00,
5.2574000e-05,-1.60000e-01,4.88000e+00,
5.2576001e-05,-1.20000e-01,4.80000e+00,
5.2578001e-05,-8.00000e-02,4.72000e+00,
5.2579999e-05,-4.00000e-02,4.80000e+00,
5.2582000e-05,2.00000e-02,4.88000e+00,
5.2584001e-05,6.00000e-02,4.88000e+00,
5.2586001e-05,1.00000e-01,4.80000e+00,
5.2587999e-05,1.40000e-01,4.72000e+00,
5.2590000e-05,1.60000e-01,4.80000e+00,
5.2592000e-05,2.20000e-01,4.88000e+00,
5.2594001e-05,2.60000e-01,4.88000e+00,
5.2595999e-05,3.00000e-01,4.80000e+00,
5.2597999e-05,3.60000e-01,4.72000e+00,
5.2600000e-05,3.60000e-01,4.80000e+00,
5.2602001e-05,3.80000e-01,4.88000e+00,
5.2603998e-05,4.20000e-01,4.88000e+00,
5.2605999e-05,4.60000e-01,4.80000e+00,
5.2608000e-05,5.00000e-01,4.72000e+00,
5.2610001e-05,4.80000e-01,4.72000e+00,
5.2611998e-05,5.00000e-01,4.88000e+00,
5.2613999e-05,5.20000e-01,4.88000e+00,
5.2616000e-05,5.20000e-01,4.80000e+00,
5.2618001e-05,5.60000e-01,4.80000e+00,
5.2619998e-05,5.40000e-01,4.80000e+00,
5.2621999e-05,5.40000e-01,4.88000e+00,
5.2624000e-05,5.40000e-01,4.88000e+00,
5.2626001e-05,5.40000e-01,4.80000e+00,
5.2627998e-05,5.40000e-01,4.80000e+00,
5.2629999e-05,4.80000e-01,4.80000e+00,
5.2632000e-05,4.80000e-01,4.88000e+00,
5.2634001e-05,4.60000e-01,4.88000e+00,
5.2636002e-05,4.40000e-01,4.80000e+00,
5.2637999e-05,4.20000e-01,4.80000e+00,
5.2640000e-05,3.80000e-01,4.80000e+00,
5.2642001e-05,3.40000e-01,4.88000e+00,
5.2644002e-05,3.20000e-01,4.88000e+00,
5.2645999e-05,3.00000e-01,4.80000e+00,
5.2648000e-05,2.80000e-01,4.72000e+00,
5.2650001e-05,2.00000e-01,4.80000e+00,
5.2652002e-05,1.40000e-01,4.88000e+00,
5.2653999e-05,1.40000e-01,4.88000e+00,
5.2656000e-05,8.00000e-02,4.80000e+00,
5.2658001e-05,4.00000e-02,4.80000e+00,
5.2660002e-05,0.00000e+00,4.80000e+00,
5.2661999e-05,-4.00000e-02,4.88000e+00,
5.2664000e-05,-6.00000e-02,4.88000e+00,
5.2666001e-05,-1.20000e-01,4.80000e+00,
5.2668001e-05,-1.60000e-01,4.80000e+00,
5.2669999e-05,-2.00000e-01,4.80000e+00,
5.2672000e-05,-2.60000e-01,4.88000e+00,
5.2674000e-05,-3.00000e-01,4.88000e+00,
5.2676001e-05,-3.20000e-01,4.80000e+00,
5.2677999e-05,-3.60000e-01,4.80000e+00,
5.2679999e-05,-3.60000e-01,4.88000e+00,
5.2682000e-05,-4.00000e-01,4.88000e+00,
5.2684001e-05,-4.20000e-01,4.88000e+00,
5.2685999e-05,-4.40000e-01,4.80000e+00,
5.2687999e-05,-4.60000e-01,4.72000e+00,
5.2690000e-05,-4.60000e-01,4.80000e+00,
5.2692001e-05,-4.80000e-01,4.88000e+00,
5.2693998e-05,-5.00000e-01,4.88000e+00,
5.2695999e-05,-5.20000e-01,4.80000e+00,
5.2698000e-05,-5.20000e-01,4.72000e+00,
5.2700001e-05,-5.00000e-01,4.80000e+00,
5.2701998e-05,-4.80000e-01,4.88000e+00,
5.2703999e-05,-5.00000e-01,4.80000e+00,
5.2706000e-05,-4.80000e-01,4.72000e+00,
5.2708001e-05,-4.60000e-01,4.72000e+00,
5.2709998e-05,-4.20000e-01,4.72000e+00,
5.2711999e-05,-4.00000e-01,4.88000e+00,
